roc_auc,accuracy_optimal,f1_score,precision,recall
0.6976127320954908,0.7352941176470589,0.6666666666666666,0.72,0.6206896551724138
