fold,roc_auc,accuracy_optimal,f1_score,precision,recall
0,0.6436781609195402,0.6428571428571429,0.7142857142857143,0.6097560975609756,0.8620689655172413
1,0.65,0.6428571428571429,0.7222222222222222,0.6190476190476191,0.8666666666666667
2,0.7282051282051282,0.5892857142857143,0.7228915662650602,0.5660377358490566,1.0
3,0.625,0.6428571428571429,0.7435897435897436,0.6304347826086957,0.90625
4,0.619235836627141,0.5357142857142857,0.6388888888888888,0.46938775510204084,1.0
